Site,County,State,Inclusion2,Inclusion,BP,PeriodID,PeriodID2,TimeID,Nuts,EAC,IP,IP Source,CultIndex,MesoIndex,MesoIndex2
Walling,Madison,AL,0,0,1775,1899-1250,2,1500,173,250,0,0 Scarry 1990:121,0.591016548,0,
Kochtitzky Ditch,Mississippi,AR,0,1,738,749-300,5,500,170,868,9353,"9353 Lopinot and Thomas 1999:349, 358",0.983639688,0.900105861,
"Parkin, Locus 1",Cross,AR,0,1,650,749-300,5,500,1921,89,2506,2506 Scarry and Reitz 2005:110,0.574623561,0.554915855,
"Parkin, Locus 4",Cross,AR,0,1,500,749-300,5,500,10774,819,12770,12770 Scarry and Reitz 2005:111,0.557772031,0.524155482,
McLean,St Clair,IL,1,1,4650,5000-3450,0,4500,17355,77,0,0 Johannessen 1986:90-93,0.004417164,0,0
"Modoc, 7E",Randolph,IL,1,1,4650,5000-3450,0,4500,821,13,0,0 King 1992:83-84,0.01558753,0,0
Go-Kart North,Monroe,IL,1,1,4100,5000-3450,0,4000,7316,5,0,0 Johannessen 1984c:173,0.000682967,0,0
"Modoc, 9E",Randolph,IL,1,1,4100,5000-3450,0,4000,3660,35,0,0 King 1992:83-84,0.00947226,0,0
Brush College School,Pike,IL,1,1,4075,5000-3450,0,4000,191,1,0,0 Schroeder 1994:170,0.005208333,0,0
Axedental,Pike,IL,1,1,3595,5000-3450,0,3500,121995,36,0,"0 Schroeder 1994:111, 171-177",0.000295007,0,0
Marge,Monroe,IL,1,1,3325,3400-1900,1,3000,916,9,0,0 Simon 1996b:87,0.00972973,0,0
Christianson,Rock Island,IL,1,1,3025,3400-1900,1,3000,1564,3,0,0 Parker 2006b:136,0.001914486,0,0
Dyroff,St Clair,IL,1,1,2850,3400-1900,1,2500,973,6,0,0 Johannessen 1984a:300,0.006128703,0,0
Floyd,Madison,IL,1,1,2850,3400-1900,1,2500,21984,24,0,0 Parker 2001b:120-121,0.001090513,0,0
Meyer,St Clair,IL,1,1,2850,3400-1900,1,2500,8,1,0,0 Fortier et al. 1998:219,0.111111111,0,0
MoPac2,St Clair,IL,1,1,2850,3400-1900,1,2500,2699,15,0,"0 Johannessen 1983c:199, 201, 209",0.005526898,0,0
Range,St Clair,IL,1,1,2850,3400-1900,1,2500,77,2,0,0 Johannessen 1987a:103,0.025316456,0,0
Ringerling,Madison,IL,1,1,2850,3400-1900,1,2500,97,3,0,0 Simon 2000:356,0.03,0,0
Ambrose Flick,Pike,IL,1,1,2600,3400-1900,1,2500,5515,796,0,"0 Asch and Asch Sidell 1992:214, 220",0.126128981,0,0
Carbon Monoxide,Monroe,IL,1,1,2450,3400-1900,1,2000,0,2,0,0 Johannessen 1985e:288,1,0,0
Ringerling,Madison,IL,1,1,2450,3400-1900,1,2000,288,0,0,0 Simon 2000:364,0,0,0
Florence Street,St Clair,IL,1,1,2400,3400-1900,1,2000,387,13,0,"0 Johannessen 1983a:137, 142",0.0325,0,0
Ambrose Flick,Pike,IL,1,1,2300,3400-1900,1,2000,10,1,0,0 Asch and Asch Sidell 1992:264,0.090909091,0,0
Fiege,Monroe,IL,1,1,2300,3400-1900,1,2000,174,1,0,0 Johannessen 1985e:286,0.005714286,0,0
Carbon Monoxide,Monroe,IL,1,1,2225,3400-1900,1,2000,1321,0,0,0 Johannessen 1985e:289,0,0,0
Ringerling,Madison,IL,1,1,2175,3400-1900,1,2000,169,2,0,0 Simon 2000:371,0.011695906,0,0
Dickson Camp & Pond,Fulton,IL,1,1,2150,3400-1900,1,2000,1941,12,0,0 Asch and Asch 1980:153,0.006144393,0,0
Ambrose Flick,Pike,IL,1,1,2100,3400-1900,1,2000,50,1,0,"0 Asch and Asch Sidell 1992:266, 268",0.019607843,0,0
Bushmeyer,Pike,IL,1,1,2100,3400-1900,1,2000,2172,7,0,"0 Schroeder 1997:128, 145-160",0.003212483,0,0
Rogers Lake,Pike,IL,1,1,2100,3400-1900,1,2000,1222,10,0,"0 Schroeder 1997:128, 167-171",0.008116883,0,0
Sand Trees,Pike,IL,1,1,2100,3400-1900,1,2000,385,6,0,"0 Schroeder 1997:128, 161-165",0.015345269,0,0
Kincaid,Massac,IL,1,1,2050,3400-1900,1,2000,7120,400,0,"0 Parker and Butler 2017:124, 125, 128",0.053191489,0,0
Mund,St Clair,IL,1,1,2050,3400-1900,1,2000,2757,102,0,0 Johannessen 1983b:96,0.03567681,0,0
Petite Michele,St Clair,IL,1,1,2050,3400-1900,1,2000,158,188,0,0 Parker 2004:159,0.543352601,0,0
C House,Pike,IL,1,1,2040,3400-1900,1,2000,391,6,0,0 Schroeder 2005:99,0.01511335,0,0
Widman,Madison,IL,1,1,2007,3400-1900,1,2000,1444,21,0,0 Wolforth et al. 1990:53-4,0.014334471,0,0
Holding,Madison,IL,1,1,1950,3400-1900,1,1500,2959,3055,2,"2 Parker 1989:434-445, 451-2",0.508144947,0.000332447,0
Meridian Hills,Madison,IL,1,1,1950,3400-1900,1,1500,12132,5346,0,"0 Parker 2005a:106, 118-119",0.305870237,0,0
Nochta,Madison,IL,1,1,1950,3400-1900,1,1500,993,5,0,0 Simon 1990:262,0.00501002,0,0
Mound House,Greene,IL,1,1,1930,3400-1900,1,1500,184,108,0,"0 Schroeder 1998:181-2, 186-187",0.369863014,0,0
Shaw,Ogle,IL,1,1,1930,3400-1900,1,1500,20,2,0,0 Parker 2010:625,0.090909091,0,0
Frog City,Alexander,IL,1,1,1922,3400-1900,1,1500,72,14,0,0 Asch and Asch 1978:128-130,0.162790698,0,0
Archie,Morgan,IL,1,1,1900,3400-1900,1,1500,948,758,0,0 Asch DL and Asch NB 1985a:213-8,0.444314185,0,0
Bosque Medio,Madison,IL,1,1,1900,3400-1900,1,1500,560,65,0,0 Fortier and Ghosh 2000:36-37,0.104,0,0
Carrier Mills,Saline,IL,1,1,1900,3400-1900,1,1500,78708,56,0,"0 Lopinot 1982b:719, 789",0.000710985,0,0
Massey,Morgan,IL,1,1,1900,3400-1900,1,1500,2572,820,0,0 Asch DL and Asch NB 1985a:213-8,0.241745283,0,0
Spoon Toe,Morgan,IL,1,1,1900,3400-1900,1,1500,3315,347,0,"0 Calentine 2005:55, 64",0.094756963,0,0
Napoleon Hollow,Pike,IL,1,1,1890,1899-1250,2,1500,2092,66,0,"0 Asch NB and Asch DL 1986:478, 482-483",0.030583874,0,0
Smiling Dan,Scott,IL,1,1,1850,1899-1250,2,1500,29532,12890,0,"0 Asch DL and Asch NB 1985b:350, 357",0.303851775,0,0
Willoughby,Madison,IL,1,1,1813,1899-1250,2,1500,279,1,0,0 Dunavan 1990a:77,0.003571429,0,0
Dash Reeves,Monroe,IL,1,1,1775,1899-1250,2,1500,507,358,0,0 Simon 2001:230,0.413872832,0,0
Skinned Rabbit,Madison,IL,1,1,1775,1899-1250,2,1500,104,791,0,0 Lopinot 1989:107,0.883798883,0,0
Truck 7,Monroe,IL,1,1,1775,1899-1250,2,1500,951,318,0,0 Johannessen 1985e:294-297,0.250591017,0,0
Alpha 1,St Clair,IL,1,1,1625,1899-1250,2,1500,284,8392,0,0 Johannessen and Whalley 1988:273,0.967266021,0,0
Carbon Dioxide,Monroe,IL,1,1,1625,1899-1250,2,1500,4717,11,0,0 Johannessen 1985c:99,0.002326565,0,0
Cunningham,Madison,IL,1,1,1625,1899-1250,2,1500,2488,32752,0,"0 Parker 2001a:170, 172",0.929398411,0,0
Dohack,St Clair,IL,1,1,1625,1899-1250,2,1500,227,37,0,0 Johannessen 1985d:251,0.140151515,0,0
George Reeves,St Clair,IL,1,1,1625,1899-1250,2,1500,618,1239,0,0 Johannessen 1987d:351-352,0.66720517,0,0
Leingang,Monroe,IL,1,1,1625,1899-1250,2,1500,2545,26,0,0 Johannessen and Whalley 1988:269,0.010112797,0,0
Shaw,Ogle,IL,1,1,1625,1899-1250,2,1500,1845,111,0,0 Parker 2010:649,0.056748466,0,0
Steinberg,St Clair,IL,1,1,1625,1899-1250,2,1500,725,2269,0,0 Johannessen and Whalley 1988:271,0.757849031,0,0
Formal Garden,Rock Island,IL,1,1,1559,1899-1250,2,1500,16693,3297,0,0 Wolforth et al. 2000:82,0.164932466,0,0
Wet Willie,Adams,IL,1,1,1530,1899-1250,2,1500,1491,897,0,0 Asch DL and Asch NB 1986:107-109,0.375628141,0,0
Buffalo,Adams,IL,1,1,1500,1899-1250,2,1500,253,18,2,2 Asch DL and Asch NB 1986:107-109,0.073260073,0.007326007,0
Rench,Peoria,IL,1,1,1500,1899-1250,2,1500,21670,165,0,"0 King 1993b:326, 328",0.007556675,0,0
Columbia Quarry,St Clair,IL,1,1,1475,1899-1250,2,1000,594,147,0,0 Johannessen and Whalley 1988:277,0.198380567,0,0
George Reeves,St Clair,IL,1,1,1475,1899-1250,2,1000,139,116,0,0 Johannessen 1987d:351-352,0.454901961,0,0
Mund,St Clair,IL,1,1,1475,1899-1250,2,1000,4376,6225,3,3 Johannessen 1983d:304-5,0.587325538,0.000282912,0
Axedental,Pike,IL,1,1,1425,1899-1250,2,1000,2150,959,0,"0 Schroeder 1994:115, 117, 190-3",0.308459312,0,0
Carlin,Calhoun,IL,1,1,1425,1899-1250,2,1000,639,2586,0,0 Asch NB and Asch DL 1981:280-283,0.801860465,0,0
Elledge,Pike,IL,1,1,1425,1899-1250,2,1000,601,44,10,"10 Schroeder 1994:115, 120, 194-7",0.082442748,0.015267176,0
Newbridge,Greene,IL,1,1,1425,1899-1250,2,1000,5923,13608,0,0 Asch NB and Asch DL 1981:280-283,0.696738518,0,0
Weitzer,Greene,IL,1,1,1425,1899-1250,2,1000,3047,19,0,0 Asch NB and Asch DL 1981:280-283,0.006196999,0,0
Fall Creek,Adams,IL,1,1,1410,1899-1250,2,1000,23,30,0,0 Asch DL and Asch NB 1986:107-109,0.566037736,0,0
John Faust 1,St Clair,IL,1,1,1325,1899-1250,2,1000,84451,4405,19,19 Parker and Scott 2003-4:78-79,0.049777778,0.000213783,0
John Faust 2,St Clair,IL,1,1,1325,1899-1250,2,1000,128600,7021,214,214 Parker and Scott 2003-4:69-70,0.05326315,0.001575441,0
Carrier Mills,Saline,IL,1,1,1300,1899-1250,2,1000,44322,156,0,"0 Lopinot 1982b:719, 789",0.003507352,0,0
Myer-Dickson,Fulton,IL,1,1,1300,1899-1250,2,1000,1283,54,0,0 Biwer and VanDerwarker 2015:92-93,0.04038893,0,0
Woodland Ridge,Monroe,IL,1,1,1300,1899-1250,2,1000,12965,35363,1,"1 Parker 2002:150-151, 157",0.731734569,2.07E-05,0
Deer Track,Adams,IL,1,1,1275,1899-1250,2,1000,3040,116,131,"131 Asch and Asch 1985b:68-69, 88",0.075144509,0.03985397,0
Alpha 3,St Clair,IL,1,1,1250,1899-1250,2,1000,380,9,0,0 Johannessen and Whaley 1988: 281,0.023136247,0,0
Columbia Farms,Monroe,IL,1,1,1250,1899-1250,2,1000,2235,57,0,0 Johannessen and Whalley 1988:283,0.02486911,0,0
Cramer 2,St Clair,IL,1,1,1250,1899-1250,2,1000,2850,1,0,0 Johannessen and Whalley 1988:283,0.000350754,0,0
Dohack,St Clair,IL,1,1,1250,1899-1250,2,1000,5396,852,0,0 Johannessen 1985d:254,0.136363636,0,0
Dugan Airfield,Monroe,IL,1,1,1250,1899-1250,2,1000,8754,8011,134,134 Parker 2006a:432-433,0.481981182,0.007929463,0
Fish Lake,Monroe,IL,1,1,1250,1899-1250,2,1000,704,566,0,0 Johannessen 1984b:191,0.445669291,0,0
Holdener,St Clair,IL,1,1,1250,1899-1250,2,1000,5087,319,0,0 Simon 1994:89,0.059008509,0,0
Julien,St Clair,IL,1,1,1250,1899-1250,2,1000,401,66,0,0 Johannessen 1984f:246,0.141327623,0,0
Range,St Clair,IL,1,1,1250,1899-1250,2,1000,1277,1746,2,"2 Johannessen 1987b:409, 411, 413",0.57785124,0.000661157,0
Rhonda,Monroe,IL,1,1,1250,1899-1250,2,1000,839,432,0,0 Parker 2006a:453,0.339889851,0,0
Sprague,Monroe,IL,1,1,1250,1899-1250,2,1000,9190,76384,1,1 Parker 2006a:450-451,0.892608823,1.17E-05,0
Westpark,Monroe,IL,1,1,1250,1899-1250,2,1000,478,25651,0,0 Powell 2000:35,0.98170615,0,0
Wilderman,St Clair,IL,1,1,1250,1899-1250,2,1000,1331,19,0,0 Simon 1989:32,0.014074074,0,0
AE Harmon,Madison,IL,1,1,1225,1249-900,3,1000,759,825,5,"5 Holt et al. 2010: 70, 72",0.522341095,0.003146633,0.22
John Faust 1,St Clair,IL,1,1,1225,1249-900,3,1000,4153,336,1139,1139 Parker and Scott 2003-4:78-79,0.262082445,0.202380952,0.22
John Faust 2,St Clair,IL,1,1,1225,1249-900,3,1000,6039,668,99,99 Parker and Scott 2003-4:69-70,0.112694681,0.014545989,0.22
Sponemann,Madison,IL,1,1,1225,1249-900,3,1000,14306,73941,696,696 Parker 1991:403,0.839155414,0.007825236,0.22
Kliver,Scott,IL,1,1,1175,1249-900,3,1000,1964,23,0,"0 Schroeder 1994:115, 189",0.011575239,0,0.22
Campbell Hollow,Scott,IL,1,1,1150,1249-900,3,1000,619,148,0,"0 Schroeder 1994:115, 117, 182-3",0.192959583,0,0.22
Smiling Dan,Scott,IL,1,1,1150,1249-900,3,1000,134,360,1,"1 Schroeder 1994:115, 117, 184-8",0.729292929,0.002020202,0.22
11WO264,Winnebago,IL,1,1,1100,1249-900,3,1000,55,3,126,126 Simon 1999a:177,0.701086957,0.684782609,0.22
Charles Keeshin 3,Winnebago,IL,1,1,1100,1249-900,3,1000,29,55,1058,1058 Simon 1999a:168,0.974605954,0.926444834,0.22
Kaesberg-Schaudt,Randolph,IL,1,1,1100,1249-900,3,1000,10778,14156,2779,"2779 Parker 2008:133, 134, 136",0.61108505,0.100277848,0.22
M Adams 1,Winnebago,IL,1,1,1100,1249-900,3,1000,103,3,29,29 Simon 1999a:179,0.237037037,0.214814815,0.22
Tilly,Winnebago,IL,1,1,1100,1249-900,3,1000,77,47,28,28 Simon 1999a:185,0.493421053,0.184210526,0.22
Dohack,St Clair,IL,1,1,1084,1249-900,3,1000,4255,35822,194,194 Johannessen 1985d:260-3,0.894340841,0.004817362,0.22
George Reeves,St Clair,IL,1,1,1084,1249-900,3,1000,19,27,1,1 Johannessen 1987d:351-352,0.595744681,0.021276596,0.22
Joan Carrie,Monroe,IL,1,1,1084,1249-900,3,1000,186,3430,1724,1724 Esarey & Johannessen 1994:81-2,0.965168539,0.322846442,0.22
Range,St Clair,IL,1,1,1084,1249-900,3,1000,976,447,714,714 Whalley 1990a:276-7,0.543284979,0.334113243,0.22
Range,St Clair,IL,1,1,1053,1249-900,3,1000,386,1832,1638,1638 Whalley 1990b:520,0.899896266,0.424792531,0.22
Robert Schneider,Madison,IL,1,1,1053,1249-900,3,1000,5,2879,368,368 Johannessen 1985a:286,0.998462485,0.113161132,0.22
Kane Village,Madison,IL,1,1,1050,1249-900,3,1000,751,1861,957,957 Simon 2016:79,0.789576912,0.268142337,0.22
Petitt,Alexander,IL,1,1,1050,1249-900,3,1000,2453,10922,486,"486 Lopinot 1992:264, 281",0.823028642,0.035062405,0.22
Swimming Snake,Alexander,IL,1,1,1050,1249-900,3,1000,6333,73,47,47 Schroeder 1992:36-37,0.018596002,0.007283434,0.22
Bridges,Marion,IL,1,1,1037,1249-900,3,1000,26611,491,119,119 Lopinot 1983:254,0.022409169,0.004371625,0.22
"Cahokia, west",St Clair & Madison,IL,1,1,1037,1249-900,3,1000,4,70,16,"16 Lopinot et al. 1993:416, 418",0.955555556,0.177777778,0.22
Bivouac,Madison,IL,1,1,1022,1249-900,3,1000,28,112,33,33 Galloy et al. 2000:236,0.838150289,0.190751445,0.22
George Reeves,St Clair,IL,1,1,1022,1249-900,3,1000,68,654,426,426 Johannessen 1987d:351-352,0.940766551,0.371080139,0.22
Goshen,Madison,IL,1,1,1022,1249-900,3,1000,3,136,60,60 Lopinot 1989:109-110,0.984924623,0.301507538,0.22
Radic,Madison,IL,1,1,1022,1249-900,3,1000,17,979,748,748 Parker 1987:224-6,0.990252294,0.428899083,0.22
Range,St Clair,IL,1,1,1022,1249-900,3,1000,427,393,410,410 Parker 2007a:217,0.652845528,0.333333333,0.22
Robinsons Lake,Madison,IL,1,1,1022,1249-900,3,1000,10,557,697,697 Johannessen 1984d:126-127,0.992088608,0.551424051,0.22
BBB Motor,Madison,IL,1,1,991,1249-900,3,500,198,887,838,838 Johannessen 1984e:172,0.897035881,0.435777431,0.22
George Reeves,St Clair,IL,1,1,991,1249-900,3,500,51,409,83,83 Johannessen 1987d:351-352,0.906077348,0.152854512,0.22
Marcus,St Clair,IL,1,1,991,1249-900,3,500,0,3,35,35 Johannessen 1987c:352,1,0.921052632,0.22
Marge,Monroe,IL,1,1,991,1249-900,3,500,807,10982,1966,1966 Simon 1996a:282,0.941330425,0.142929844,0.22
Range,St Clair,IL,1,1,991,1249-900,3,500,251,3460,9657,9657 Parker 2007b:459-461,0.981223818,0.722396768,0.22
Rench,Peoria,IL,1,1,941,1249-900,3,500,4633,185,457,457 King 1993a:122-123,0.121706161,0.086635071,0.22
"Cahokia, ICT-II",St Clair,IL,1,1,925,1249-900,3,500,97,745,455,"455 Lopinot 1991:70, 73",0.925212028,0.350809561,0.22
"Cahokia, west",St Clair & Madison,IL,1,1,925,1249-900,3,500,5,46,17,"17 Lopinot et al. 1993:416, 418",0.926470588,0.25,0.22
Carbon Dioxide,Monroe,IL,1,1,925,1249-900,3,500,533,243,293,293 Johannessen 1985c:103,0.501403181,0.274087933,0.22
East St Louis,St Clair,IL,1,1,925,1249-900,3,500,311,428,598,598 Kelly et al. 2005a:94-95,0.767389678,0.447270007,0.22
George Reeves,St Clair,IL,1,1,925,1249-900,3,500,332,62,44,44 Johannessen 1987d:351-352,0.242009132,0.100456621,0.22
Greenhouse,Monroe,IL,1,1,925,1249-900,3,500,57,117,74,74 Simon 1992:31-32,0.77016129,0.298387097,0.22
Knoebel,St Clair,IL,1,1,925,1249-900,3,500,59,4,100,100 Kruchten 2012:118,0.63803681,0.613496933,0.22
Olszewski,St Clair,IL,1,1,925,1249-900,3,500,131,929,2039,2039 Dunavan 1990b:392-4,0.957728299,0.657954179,0.22
Range,St Clair,IL,1,1,925,1249-900,3,500,1546,3461,1437,1437 Parker 2003a:194-195,0.760086903,0.222998138,0.22
Truck 4,Monroe,IL,1,1,925,1249-900,3,500,44,1,1,1 Johannessen 1985e:305,0.043478261,0.02173913,0.22
Turner,St Clair,IL,1,1,925,1249-900,3,500,44,466,434,"434 Whalley 1983:216-217, 225-227",0.953389831,0.459745763,0.22
Baker-Preston,Fulton,IL,1,1,900,1249-900,3,500,28,324,188,188 Kuehn and Blewitt 2013:57-62,0.948148148,0.348148148,0.22
Tree Row,Fulton,IL,1,1,900,1249-900,3,500,10,2,9,9 Kuehn and Blewitt 2013:56,0.523809524,0.428571429,0.22
Ernat,LaSalle,IL,1,1,897,899-750,4,500,0,25,82,82 Adams 2016:485,1,0.76635514,0.48
"Cahokia, ICT-II",St Clair,IL,1,1,875,899-750,4,500,27,45,69,69 Lopinot 1991:159-60,0.808510638,0.489361702,0.48
"East St Louis, Main St Mnd, Mnd 26",St Clair,IL,1,1,875,899-750,4,500,24,59,469,469 Brennan 2016:106,0.956521739,0.849637681,0.48
Esterlein,Madison,IL,1,1,875,899-750,4,500,16,13,164,164 Dunavan 1990c:191,0.917098446,0.849740933,0.48
Lamb,Schuyler,IL,1,1,875,899-750,4,500,200,116,865,865 Bardolph and VanDerwarker 2015:219-221,0.83065199,0.732430144,0.48
Lohmann,St Clair,IL,1,1,875,899-750,4,500,681,3041,3469,3469 Johannessen 1992:141-142,0.90529829,0.482408566,0.48
Willoughby,Madison,IL,1,1,875,899-750,4,500,0,0,26,26 Dunavan 1990a:77,1,1,0.48
BBB Motor,Madison,IL,1,1,825,899-750,4,500,230,1504,1916,"1916 Whalley 1984:324, 329-30",0.936986301,0.524931507,0.48
"Cahokia, ICT-II",St Clair,IL,1,1,825,899-750,4,500,421,1539,1347,"1347 Lopinot 1991:96, 99, 122, 125, 159, 161",0.872694285,0.407317811,0.48
"Cahokia, west",St Clair & Madison,IL,1,1,825,899-750,4,500,287,1923,453,"453 Lopinot et al. 1993:416, 418",0.892226812,0.1701089,0.48
Christy Schwaegel,St Clair,IL,1,1,825,899-750,4,500,90,226,271,271 Pauketat et al. 2012:173-4,0.846678024,0.461669506,0.48
Curtiss Steinberg,St Clair,IL,1,1,825,899-750,4,500,19,0,6,6 Parker 1995b:89,0.24,0.24,0.48
CW Cooper,Fulton,IL,1,1,825,899-750,4,500,2603,531,3089,3089 VanDerwarker et al. 2013:157,0.581713,0.496384381,0.48
East St Louis,St Clair,IL,1,1,825,899-750,4,500,9,83,5711,"5711 Parker 2005b:273, 278",0.998449078,0.984146131,0.48
Fingers,St Clair,IL,1,1,825,899-750,4,500,74,148,364,346 Parker 1995a:55-6,0.873720137,0.62116041,0.48
John Faust 1,St Clair,IL,1,1,825,899-750,4,500,6666,137,1878,1878 Parker and Scott 2003-4:78-79,0.232116116,0.216334524,0.48
John Faust 2,St Clair,IL,1,1,825,899-750,4,500,3809,35,7,7 Parker and Scott 2003-4:69-70,0.010906258,0.00181771,0.48
Julien,St Clair,IL,1,1,825,899-750,4,500,81,439,5641,5641 Johannessen 1984f:266-7,0.986852784,0.915598117,0.48
Karol Rekas,Madison,IL,1,1,825,899-750,4,500,202,10,330,330 Parker 1990:493,0.627306273,0.608856089,0.48
Olszewski,St Clair,IL,1,1,825,899-750,4,500,43,21,152,152 Dunavan 1990b:392-4,0.800925926,0.703703704,0.48
Range,St Clair,IL,1,1,825,899-750,4,500,2365,937,15203,"15203 Parker 2003c:330, 335",0.872196704,0.82156174,0.48
Robert Schneider,Madison,IL,1,1,825,899-750,4,500,11,23,2195,2195 Johannessen 1985b:260,0.995065052,0.984746523,0.48
Sandy Ridge Farm,St Clair,IL,1,1,825,899-750,4,500,5,10,730,730 Johannessen 1990:244,0.993288591,0.979865772,0.48
Sponemann,Madison,IL,1,1,825,899-750,4,500,656,4476,11970,"11970 Parker 1992a:308, 311, 314, 317, 320",0.961641913,0.699918138,0.48
Turner,St Clair,IL,1,1,825,899-750,4,500,402,286,34931,"34931 Whalley 1983:216-217, 225-227",0.988713889,0.980684466,0.48
Vaughn Branch,Madison,IL,1,1,825,899-750,4,500,1003,1278,23591,23591 Simon 2003a:177-178,0.96123222,0.911835189,0.48
East St Louis,St Clair,IL,1,1,800,899-750,4,500,19,117,14069,14069 Simon 2007:863,0.998662443,0.990425906,0.48
New Massilon,Wayne,IL,1,1,800,899-750,4,500,177,60,48,"48 Lopinot 1987:92, 96",0.378947368,0.168421053,0.48
Valhall,Winnebago,IL,1,1,800,899-750,4,500,733,0,98,98 Simon 1999a:200,0.117930205,0.117930205,0.48
"Cahokia, ICT-II",St Clair,IL,1,1,787,899-750,4,500,4,25,19,"19 Lopinot 1991:159, 162",0.916666667,0.395833333,0.48
"Cahokia, west",St Clair & Madison,IL,1,1,787,899-750,4,500,3,148,39,"39 Lopinot et al. 1993:416, 418",0.984210526,0.205263158,0.48
Determann Borrow,Madison,IL,1,1,787,899-750,4,500,10,2,0,0 Johannessen 1984g:27,0.166666667,0,0.48
Keeshin Farm,Winnebago,IL,1,1,776,899-750,4,500,2556,7,2202,2202 Simon 1999b:161-169,0.463588667,0.462119622,0.48
Bluff Shadow,Monroe,IL,1,1,750,899-750,4,500,573,200,217,"217 Lopinot 1982a:55, 59",0.421212121,0.219191919,0.48
"Cahokia, ICT-II",St Clair,IL,1,1,750,899-750,4,500,590,615,447,"447 Lopinot 1991:144, 147",0.642857143,0.270581114,0.48
East St Louis,St Clair,IL,1,1,750,899-750,4,500,4,17,9,9 Kelly et al. 2005b:306,0.866666667,0.3,0.48
John Faust 1,St Clair,IL,1,1,750,899-750,4,500,16753,9,395,395 Parker and Scott 2003-4:78-79,0.02354724,0.023022673,0.48
Julien,St Clair,IL,1,1,750,899-750,4,500,5329,305,673,673 Johannessen 1984f:268-9,0.1550658,0.106706834,0.48
Old Edwardsville,Madison,IL,1,1,750,899-750,4,500,16203,776,728,728 Simon 2003b:346-347,0.08493816,0.041113684,0.48
St Thomas,Madison,IL,1,1,750,899-750,4,500,129,84,18,18 Kruchten 2008:196,0.441558442,0.077922078,0.48
Turner,St Clair,IL,1,1,750,899-750,4,500,21,28,22,"22 Whalley 1983:216-217, 225-227",0.704225352,0.309859155,0.48
Bonnie Creek,Perry,IL,1,1,725,749-300,5,500,1186,12,6206,6206 Cremin 1986:227-235,0.839816316,0.83819557,0.51
Bridges,Marion,IL,1,1,725,749-300,5,500,7645,1063,3018,3018 Lopinot 1983:254,0.348030019,0.25737677,0.51
Myer-Dickson,Fulton,IL,1,1,725,749-300,5,500,10441,398,15095,15095 Biwer and VanDerwarker 2015:97-99,0.597401095,0.582054446,0.51
Sponemann,Madison,IL,1,1,700,749-300,5,500,5761,109,1986,1986 Parker 1992b:487-8,0.266675153,0.252800407,0.51
Radic,Madison,IL,1,1,687,749-300,5,500,48,225,777,777 Parker 1987:232-241,0.954285714,0.74,0.51
Hawkins Hollow,Monroe,IL,1,1,662,749-300,5,500,531,11,162,"162 Simon 2015:186-187, 204-205",0.245738636,0.230113636,0.51
Hill Creek,Pike,IL,1,1,662,749-300,5,500,14411,1571,6124,"6124 Asch and Asch 1985a:140, 166-167",0.34809554,0.277028861,0.51
Julien,St Clair,IL,1,1,662,749-300,5,500,5289,338,609,609 Johannessen 1984f:270-1,0.151860167,0.097658756,0.51
Russell Koster,Whiteside,IL,1,1,655,749-300,5,500,85,0,188,188 Pearce 2006:115,0.688644689,0.688644689,0.51
Morton,Fulton,IL,1,1,650,749-300,5,500,909,21,472,472 Nordine 2020:80-81,0.351640514,0.336661912,0.51
Morton,Fulton,IL,1,1,650,749-300,5,500,548,40,1283,1283 Nordine 2020:80-81,0.707108498,0.685729556,0.51
Dogtooth Bend,Alexander,IL,1,1,600,749-300,5,500,114,10,9,9 Newsom 1996:148-150,0.142857143,0.067669173,0.51
Hoxie Farm,Cook,IL,1,1,575,749-300,5,500,816,39,1677,1677 Blewitt & King 2017:500-505,0.677725118,0.662322275,0.51
Hoxie Farm,Cook,IL,1,1,500,749-300,5,500,272,15,430,430 Blewitt & King 2017:500-505,0.620641562,0.59972106,0.51
Range,St Clair,IL,1,1,425,749-300,5,300,483,302,602,602 Parker 2003b:410-411,0.651766402,0.434030281,0.51
Oak Forest,Cook,IL,1,1,387,749-300,5,300,246,346,634,"634 Asch and Asch Sidell 1990:251, 253, 255",0.799347471,0.517128874,0.51
Grand Village,LaSalle,IL,1,1,335,749-300,5,300,2,0,729,729 Walz 1999:223-225,0.997264022,0.997264022,0.51
Miles,Clark,IN,0,1,3610,5000-3450,0,3500,111,0,0,0 Bush 2002:266-267,0,0,
Jennison Guard,Dearborn,IN,0,1,1785,1899-1250,2,1500,112,22,0,0 Blosser 1996:64,0.164179104,0,
Morell-Sheets,Montgomery,IN,0,1,1100,1249-900,3,1000,131,1359,350,350 Bush 1994:8,0.928804348,0.190217391,
Castor Farm,Hamilton,IN,0,1,879,899-750,4,500,66,178,607,607 Bush 2004a:265,0.922444183,0.713278496,
Prairie View,Hamilton,IN,0,1,797,899-750,4,500,298,0,288,288 Bush 2004b:68-73,0.491467577,0.491467577,
Heaton Farm,Greene,IN,0,1,763,899-750,4,500,3166,124,877,877 Bush 2004b:68-73,0.240220782,0.210463163,
12H993,Hamilton,IN,0,1,750,899-750,4,500,38,2,100,100 Bush 2010:333-334,0.728571429,0.714285714,
Taylor Ten,Hamilton,IN,0,1,750,899-750,4,500,45,1,53,53 Bush 2010:333-334,0.545454545,0.535353535,
Kramer Enclosure,Allen,IN,0,1,728,749-300,5,500,96,97,610,610 Bush 2010:333-334,0.880448319,0.759651308,
Strawtown,Hamilton,IN,0,1,699,749-300,5,500,288,18,2380,2380 Bush 2005a:222,0.892777364,0.886075949,
Baker's Trails,Hamilton,IN,0,1,681,749-300,5,500,287,10,1826,1826 Bush 2004b:68-73,0.864813943,0.860103627,
Sugar Creek,Johnson,IN,0,1,681,749-300,5,500,248,0,79,79 Bush 2004b:68-73,0.241590214,0.241590214,
Pottersville,Owen,IN,0,1,676,749-300,5,500,932,1,34,34 Bush 2004b:68-73,0.036194416,0.03516029,
12MG195,Morgan,IN,0,1,675,749-300,5,500,44,1,5,5 Bush 2004b:68-73,0.12,0.1,
12MO624,Monroe,IN,0,1,675,749-300,5,500,12,0,4,4 Bush 2004b:68-73,0.25,0.25,
Abner,Hamilton,IN,0,1,675,749-300,5,500,43,0,7,7 Bush 2004b:68-73,0.14,0.14,
Blair,Hamilton,IN,0,1,675,749-300,5,500,29,0,17,17 Bush 2004b:68-73,0.369565217,0.369565217,
Cox's Woods,Orange,IN,0,1,638,749-300,5,500,288,127,388,388 Bush 2004b:68-73,0.641344956,0.483188045,
Noblesville,Hamilton,IN,0,1,636,749-300,5,500,1,19,78,78 Bush 2004b:68-73,0.989795918,0.795918367,
Bundy-Voyles,Morgan,IN,0,1,622,749-300,5,500,560,21408,250,250 Bush 2004b:68-73,0.974795211,0.011252138,
12H993,Hamilton,IN,0,1,610,749-300,5,500,64,3,292,292 Bush 2005b:186,0.821727019,0.813370474,
Clampitt,Hamilton,IN,0,1,605,749-300,5,500,1168,4,441,441 Bush 2004b:68-73,0.275883447,0.273403596,
Bowles,Ohio,KY,0,1,4500,5000-3450,0,4500,1565,5,0,"0 Crawford 1982:208, 216, 219",0.003184713,0,
Carlston Annis,Butler,KY,0,1,4403,5000-3450,0,4000,2852,13,0,"0 Crawford 1982:208, 216, 219",0.004537522,0,
Hansen,Greenup,KY,0,1,4000,5000-3450,0,4000,512,1,0,"0 Lopinot 1988:589, 592",0.001949318,0,
Peter Cave,Ohio,KY,0,1,4000,5000-3450,0,4000,1491,24,0,,0.015841584,0,
Cloudsplitter,Menifee,KY,0,1,3950,5000-3450,0,3500,5865,0,0,"0 Cowan 1985:335-336, 343-9",0,0,
Cold Oak,Lee,KY,0,1,2885,3400-1900,1,2500,10477,32,0,"0 Gremillion 1993:167, 181-2",0.003045009,0,
Wolf River Rockshelter,Cumberland,KY,0,1,2847,3400-1900,1,2500,11893,37,0,,0.003101425,0,
Cloudsplitter,Menifee,KY,0,1,2625,3400-1900,1,2500,13308,2743,0,"0 Cowan 1985:455-456, 460, 465",0.170892779,0,
Cold Oak,Lee,KY,0,1,2415,3400-1900,1,2000,10540,1335,0,"0 Gremillion 1993:169, 181-2",0.112421053,0,
Cox,Caldwell,KY,0,1,2306,3400-1900,1,2000,170,10,0,0 Wymer 1987:125-126,0.055555556,0,
Evans,Montgomery,KY,0,1,2267,3400-1900,1,2000,243,147,0,0 Rossen 2016:44,0.376923077,0,
Hansen,Greenup,KY,0,1,1550,1899-1250,2,1500,11084,308,0,0 Lopinot 1988:594,0.027036517,0,
Haystack Rockshelters,Powell,KY,0,1,1250,1899-1250,2,1000,6338,113,0,,0.017516664,0,
Gordon II,Livingston,KY,0,1,1040,1249-900,3,1000,59,92,1367,1367 Wymer 1987:125-126,0.96113307,0.900527009,
Foster,Daviess,KY,0,1,1025,1249-900,3,1000,1638,254,346,346 Scarry 1991:108-10,0.268096515,0.154602324,
Howard,Madison,KY,0,1,900,1249-900,3,500,102,0,27,,0.209302326,0.209302326,
Thompson,Greenup,KY,0,1,900,1249-900,3,500,320,25,926,,0.74822974,0.728560189,
Muir,Jessamine,KY,0,1,885,899-750,4,500,6558,572,5902,,0.496777164,0.452885206,
Wickliffe,Ballard,KY,0,1,850,899-750,4,500,991,822,327,,0.536915888,0.152803738,
Adams,Fulton,KY,0,1,800,899-750,4,500,1157,67,987,987 Edging and Dunavan 1986:92-96,0.476707372,0.446404342,
Andalex,Hopkins,KY,0,1,800,899-750,4,500,789,20,752,752 Crites 1991b:223,0.494554773,0.481742473,
Turk,Carlisle,KY,0,1,800,899-750,4,500,119,9,237,,0.673972603,0.649315068,
Wickliffe,Ballard,KY,0,1,775,899-750,4,500,2,0,0,,0,0,
Chambers,Marshall,KY,0,1,700,749-300,5,500,17217,459,2336,2336 Rossen 1987b:62,0.1396662,0.116729962,
Guilfoil,Fayette,KY,0,1,700,749-300,5,500,837,0,918,918 Rossen 1987a:168,0.523076923,0.523076923,
Wickliffe,Ballard,KY,0,1,700,749-300,5,500,34,29,29,,0.630434783,0.315217391,
Carpenter Farm,Franklin,KY,0,1,650,749-300,5,500,187,11,106,106 Rossen 1992b:173,0.384868421,0.348684211,
Croley-Evans,Knox,KY,0,1,650,749-300,5,500,8004,72,276,276 Jefferies et al. 1996:23,0.041666667,0.033045977,
Florence Site Complex,Harrison,KY,0,1,625,749-300,5,500,287,5,43,43 Sharp and Pollack 1992:196,0.143283582,0.128358209,
Florence Site Complex,Harrison,KY,0,1,625,749-300,5,500,4378,25,651,651 Sharp and Pollack 1992:209,0.133755441,0.128808864,
Turk,Carlisle,KY,0,1,600,749-300,5,500,445,8,541,,0.552313883,0.544265594,
Fox Farm,Mason,KY,0,1,525,749-300,5,500,306,217,1219,"1219 Rossen 1992a:193, 195",0.824339839,0.699770379,
Snag Creek,Bracken,KY,0,1,525,749-300,5,500,228,26,325,,0.606217617,0.561312608,
Augusta,Bracken,KY,0,1,350,749-300,5,300,6,0,8,"8 Rossen 1992a:193, 195",0.571428571,0.571428571,
Howard,Madison,KY,0,1,350,749-300,5,300,2040,5,926,,0.313362504,0.311679569,
Laughlin,Lewis,KY,0,1,350,749-300,5,300,11,1,50,,0.822580645,0.806451613,
Truman Road,St. Charles,MO,1,1,4750,5000-3450,0,4500,17999,3,0,,0.000166648,0,0
Burkemper,Lincoln,MO,1,1,1900,3400-1900,1,1500,471,326,0,,0.409033877,0,0
Hayti Bypass,Pemiscot,MO,1,1,1544,1899-1250,2,1500,769,282,0,,0.26831589,0,0
Boschert,St. Charles,MO,1,1,1400,1899-1250,2,1000,141,6,0,,0.040816327,0,0
Hayden,St. Louis,MO,1,1,1340,1899-1250,2,1000,2297,1606,0,,0.41147835,0,0
Burkemper,Lincoln,MO,1,1,1325,1899-1250,2,1000,526,1453,0,,0.734209197,0,0
23SL122,St. Louis,MO,1,1,1300,1899-1250,2,1000,128,14,3,,0.117241379,0.020689655,0
Hayti Bypass,Pemiscot,MO,1,1,924,1249-900,3,500,736,1622,35,,0.692436272,0.014625992,0.22
Triangle (near Hopeton),Ross,OH,0,0,3945,5000-3450,0,3500,830,0,0,,0,0,
Houpt,Butler,OH,0,0,3206,3400-1900,1,3000,197,0,0,,0,0,
Boudinot 4,Athens,OH,0,0,2535,3400-1900,1,2500,398,24,0,,0.056872038,0,
Overly Tract (near Hopeton),Ross,OH,0,0,1800,1899-1250,2,1500,807,1113,0,,0.5796875,0,
Triangle (near Hopeton),Ross,OH,0,0,1035,1249-900,3,1000,78,0,0,,0,0,
State Line,Hamilton,OH,0,0,770,899-750,4,1000,141,10,1578,,0.918449971,0.912666281,
Incinerator,Montgomery,OH,0,0,750,899-750,4,1000,1154,26,597,,0.350590884,0.335959482,
Seip,Ross,OH,0,0,700,749-300,5,1000,1,9,0,,0.9,0,
Schomaker,Hamilton,OH,0,0,562,749-300,5,1000,800,46,1268,,0.621570482,0.599810785,
Madisonville,Hamilton,OH,0,0,445,749-300,5,500,1811,9,2991,,0.623570983,0.62170027,
"Hayes, II",Marshall,TN,0,0,4270,5000-3450,0,4000,210,0,0,,0,0,
Fernvale,Williamson,TN,0,0,3870,5000-3450,0,3500,3883,3,0,,0.000772002,0,
40HW45,Hawkins,TN,0,0,2850,3400-1900,1,2500,7063,111,0,,0.01547254,0,
Westmoreland-Barber,Marion,TN,0,0,2705,3400-1900,1,2500,211,1,0,,0.004716981,0,
40HW44,Hawkins,TN,0,0,2650,3400-1900,1,2500,1328,2,0,,0.001503759,0,
40HW45,Hawkins,TN,0,0,2650,3400-1900,1,2500,367,1,0,,0.002717391,0,
40BT47,Blount,TN,0,0,2540,3400-1900,1,2500,4722,0,0,,0,0,
40HW44,Hawkins,TN,0,0,2500,3400-1900,1,2500,5683,18,0,,0.003157341,0,
40HW45,Hawkins,TN,0,0,2500,3400-1900,1,2500,816,17,0,,0.020408163,0,
McFarland,Coffee,TN,0,0,1975,3400-1900,1,1500,16578,4730,1,,0.222018865,4.69E-05,
Parks,Coffee,TN,0,0,1975,3400-1900,1,1500,20809,6,0,,0.000288254,0,
Birdwell,Greene,TN,0,0,1900,3400-1900,1,1500,860,210,4,,0.199255121,0.003724395,
Fernvale,Williamson,TN,0,0,1900,3400-1900,1,1500,1847,0,0,,0,0,
Owl Hollow,Franklin,TN,0,0,1750,1899-1250,2,1500,36576,185,0,,0.005032507,0,
Banks III,Coffee,TN,0,0,1500,1899-1250,2,1500,17699,0,0,,0,0,
Banks V,Coffee,TN,0,0,1500,1899-1250,2,1500,23031,5,0,,0.000217052,0,
Eoff I,Coffee,TN,0,0,1500,1899-1250,2,1500,19860,1,0,,5.03E-05,0,
Peters,Franklin,TN,0,0,1500,1899-1250,2,1500,22015,488,10,,0.022120553,0.000444188,
Raus,Bedford,TN,0,0,1500,1899-1250,2,1500,284,55,0,,0.162241888,0,
Shofner,Bedford,TN,0,0,1500,1899-1250,2,1500,6484,315,4,,0.046891077,0.000587976,
Westmoreland-Barber,Marion,TN,0,0,1285,1899-1250,2,1000,80904,821,74,,0.010941454,0.000904657,
40HW30,Hawkins,TN,0,0,1250,1249-900,3,1000,1248,0,0,,0,0,
Parks,Coffee,TN,0,0,925,1249-900,3,1000,279,14,0,,0.04778157,0,
Sogom,Davidson,TN,0,0,900,1249-900,3,1000,536,0,4,,0.007407407,0.007407407,
Brandywine Pointe,Davidson,TN,0,0,890,899-750,4,1000,118,5,43,,0.289156627,0.259036145,
Parks,Coffee,TN,0,0,850,899-750,4,1000,1134,1,17,,0.015625,0.014756944,
Birdwell,Greene,TN,0,0,775,899-750,4,1000,1539,6,135,,0.083928571,0.080357143,
40BT47,Blount,TN,0,0,755,899-750,4,1000,589,6,1325,,0.693229167,0.690104167,
Childers,Mason,WV,0,0,1500,1899-1250,2,1500,28764,6248,14,,0.178781477,0.000399703,
